﻿<?xml version="1.0" encoding="utf-8"?>
<Package xmlns="http://schemas.microsoft.com/appx/2010/manifest" xmlns:m2="http://schemas.microsoft.com/appx/2013/manifest" xmlns:build="http://schemas.microsoft.com/developer/appx/2012/build" IgnorableNamespaces="build">
  <!--
    THIS PACKAGE MANIFEST FILE IS GENERATED BY THE BUILD PROCESS.

    Changes to this file will be lost when it is regenerated. To correct errors in this file, edit the source .appxmanifest file.

    For more information on package manifest files, see http://go.microsoft.com/fwlink/?LinkID=241727
  -->
  <Identity Name="3820e1ac-91ea-4f3f-969e-d66a83049785" Publisher="CN=Deivydas.Voroneckis" Version="1.0.0.0" ProcessorArchitecture="x64" />
  <Properties>
    <DisplayName>SuraskDrauga.Windows</DisplayName>
    <PublisherDisplayName>Deivydas.Voroneckis</PublisherDisplayName>
    <Logo>Assets\StoreLogo.png</Logo>
  </Properties>
  <Prerequisites>
    <OSMinVersion>6.3.0</OSMinVersion>
    <OSMaxVersionTested>6.3.0</OSMaxVersionTested>
  </Prerequisites>
  <Resources>
    <Resource Language="EN-US" />
  </Resources>
  <Applications>
    <Application Id="App" Executable="SuraskDrauga.Windows.exe" EntryPoint="SuraskDrauga.Windows.App">
      <m2:VisualElements DisplayName="SuraskDrauga.Windows" Square150x150Logo="Assets\Logo.png" Square30x30Logo="Assets\SmallLogo.png" Description="SuraskDrauga.Windows" ForegroundText="light" BackgroundColor="#464646" ToastCapable="true">
        <m2:DefaultTile Wide310x150Logo="Assets\SmallLogo.png"></m2:DefaultTile>
        <m2:LockScreen Notification="badgeAndTileText" BadgeLogo="Assets\StoreLogo.png" />
        <m2:SplashScreen Image="Assets\SplashScreen.png" />
      </m2:VisualElements>
      <Extensions>
        <Extension Category="windows.backgroundTasks" EntryPoint="MyTask.FirstTask">
          <BackgroundTasks>
            <Task Type="timer" />
          </BackgroundTasks>
        </Extension>
      </Extensions>
    </Application>
  </Applications>
  <Capabilities>
    <Capability Name="internetClient" />
    <Capability Name="internetClientServer" />
    <DeviceCapability Name="location" />
  </Capabilities>
  <Dependencies>
    <PackageDependency Name="Microsoft.VCLibs.120.00" MinVersion="12.0.21005.1" />
  </Dependencies>
  <Extensions>
    <Extension Category="windows.activatableClass.inProcessServer">
      <InProcessServer>
        <Path>Bing.Maps.dll</Path>
        <ActivatableClass ActivatableClassId="Bing.Maps.ViewChangedEventArgs" ThreadingModel="both" />
        <ActivatableClass ActivatableClassId="Bing.Maps.MapPolyline" ThreadingModel="both" />
        <ActivatableClass ActivatableClassId="Bing.Maps.TransitRouteCollection" ThreadingModel="both" />
        <ActivatableClass ActivatableClassId="Bing.Maps.MapLayer" ThreadingModel="both" />
        <ActivatableClass ActivatableClassId="Bing.Maps.MapPolygon" ThreadingModel="both" />
        <ActivatableClass ActivatableClassId="Bing.Maps.LandmarkCollection" ThreadingModel="both" />
        <ActivatableClass ActivatableClassId="Bing.Maps.AccessibleContainer" ThreadingModel="both" />
        <ActivatableClass ActivatableClassId="Bing.Maps.MapStyleChangedEventArgs" ThreadingModel="both" />
        <ActivatableClass ActivatableClassId="Bing.Maps.CopyrightChangedEventArgs" ThreadingModel="both" />
        <ActivatableClass ActivatableClassId="Bing.Maps.CustomListView" ThreadingModel="both" />
        <ActivatableClass ActivatableClassId="Bing.Maps.ViewChangeEndedEventArgs" ThreadingModel="both" />
        <ActivatableClass ActivatableClassId="Bing.Maps.MapShapeLayerCollection" ThreadingModel="both" />
        <ActivatableClass ActivatableClassId="Bing.Maps.Directions.Waypoint" ThreadingModel="both" />
        <ActivatableClass ActivatableClassId="Bing.Maps.Directions.RouteCollection" ThreadingModel="both" />
        <ActivatableClass ActivatableClassId="Bing.Maps.Directions.ItineraryItemDetailsCollection" ThreadingModel="both" />
        <ActivatableClass ActivatableClassId="Bing.Maps.Directions.DirectionsPushpinRenderOptions" ThreadingModel="both" />
        <ActivatableClass ActivatableClassId="Bing.Maps.Directions.WarningCollection" ThreadingModel="both" />
        <ActivatableClass ActivatableClassId="Bing.Maps.Directions.LocationDisambiguationCollection" ThreadingModel="both" />
        <ActivatableClass ActivatableClassId="Bing.Maps.Directions.SignCollection" ThreadingModel="both" />
        <ActivatableClass ActivatableClassId="Bing.Maps.Directions.HintCollection" ThreadingModel="both" />
        <ActivatableClass ActivatableClassId="Bing.Maps.Directions.DirectionsRenderOptions" ThreadingModel="both" />
        <ActivatableClass ActivatableClassId="Bing.Maps.Directions.RouteLegDataTemplateSelector" ThreadingModel="both" />
        <ActivatableClass ActivatableClassId="Bing.Maps.Directions.DirectionsPolylineRenderOptions" ThreadingModel="both" />
        <ActivatableClass ActivatableClassId="Bing.Maps.Directions.TransitLineCollection" ThreadingModel="both" />
        <ActivatableClass ActivatableClassId="Bing.Maps.Directions.RouteLegCollection" ThreadingModel="both" />
        <ActivatableClass ActivatableClassId="Bing.Maps.Directions.ItineraryItemCollection" ThreadingModel="both" />
        <ActivatableClass ActivatableClassId="Bing.Maps.Directions.WaypointCollection" ThreadingModel="both" />
        <ActivatableClass ActivatableClassId="Bing.Maps.Directions.RouteLegDataSource" ThreadingModel="both" />
        <ActivatableClass ActivatableClassId="Bing.Maps.Directions.NamesCollection" ThreadingModel="both" />
        <ActivatableClass ActivatableClassId="Bing.Maps.Directions.ItineraryItemDataSource" ThreadingModel="both" />
        <ActivatableClass ActivatableClassId="Bing.Maps.Directions.DirectionsContainerSelector" ThreadingModel="both" />
        <ActivatableClass ActivatableClassId="Bing.Maps.Directions.DirectionsRequestOptions" ThreadingModel="both" />
        <ActivatableClass ActivatableClassId="Bing.Maps.Directions.DirectionsUIEventManager" ThreadingModel="both" />
        <ActivatableClass ActivatableClassId="Bing.Maps.Directions.TransitRouteDataSource" ThreadingModel="both" />
        <ActivatableClass ActivatableClassId="Bing.Maps.LocationRect" ThreadingModel="both" />
        <ActivatableClass ActivatableClassId="Bing.Maps.LocationRectCollection" ThreadingModel="both" />
        <ActivatableClass ActivatableClassId="Bing.Maps.MapTileLayer" ThreadingModel="both" />
        <ActivatableClass ActivatableClassId="Bing.Maps.PushpinAutomationPeer" ThreadingModel="both" />
        <ActivatableClass ActivatableClassId="Bing.Maps.TileServersAvailabilityChangedEventArgs" ThreadingModel="both" />
        <ActivatableClass ActivatableClassId="Bing.Maps.Bing_Maps_XamlTypeInfo.XamlMetaDataProvider" ThreadingModel="both" />
        <ActivatableClass ActivatableClassId="Bing.Maps.TileDownloadCompletedEventArgs" ThreadingModel="both" />
        <ActivatableClass ActivatableClassId="Bing.Maps.MapTileLayerCollection" ThreadingModel="both" />
        <ActivatableClass ActivatableClassId="Bing.Maps.LandmarkTappedEventArgs" ThreadingModel="both" />
        <ActivatableClass ActivatableClassId="Bing.Maps.MapUIElementCollection" ThreadingModel="both" />
        <ActivatableClass ActivatableClassId="Bing.Maps.VenueMaps.VenueEntityCollection" ThreadingModel="both" />
        <ActivatableClass ActivatableClassId="Bing.Maps.VenueMaps.VenueFloorDataSource" ThreadingModel="both" />
        <ActivatableClass ActivatableClassId="Bing.Maps.VenueMaps.VenueByCountryCollection" ThreadingModel="both" />
        <ActivatableClass ActivatableClassId="Bing.Maps.VenueMaps.ActiveFloorChangedEventArgs" ThreadingModel="both" />
        <ActivatableClass ActivatableClassId="Bing.Maps.VenueMaps.VenueCountryCollection" ThreadingModel="both" />
        <ActivatableClass ActivatableClassId="Bing.Maps.VenueMaps.NearbyVenueOptions" ThreadingModel="both" />
        <ActivatableClass ActivatableClassId="Bing.Maps.VenueMaps.NearbyVenueCollection" ThreadingModel="both" />
        <ActivatableClass ActivatableClassId="Bing.Maps.VenueMaps.VenueByCountryOptions" ThreadingModel="both" />
        <ActivatableClass ActivatableClassId="Bing.Maps.VenueMaps.FloorCollection" ThreadingModel="both" />
        <ActivatableClass ActivatableClassId="Bing.Maps.VenueMaps.ActiveVenueChangedEventArgs" ThreadingModel="both" />
        <ActivatableClass ActivatableClassId="Bing.Maps.MapAutomationPeer" ThreadingModel="both" />
        <ActivatableClass ActivatableClassId="Bing.Maps.Search.GeocodePointCollection" ThreadingModel="both" />
        <ActivatableClass ActivatableClassId="Bing.Maps.Search.GeocodeRequestOptions" ThreadingModel="both" />
        <ActivatableClass ActivatableClassId="Bing.Maps.Search.GeocodeLocationCollection" ThreadingModel="both" />
        <ActivatableClass ActivatableClassId="Bing.Maps.Search.ReverseGeocodeRequestOptions" ThreadingModel="both" />
        <ActivatableClass ActivatableClassId="Bing.Maps.MapAnimationDuration" ThreadingModel="both" />
        <ActivatableClass ActivatableClassId="Bing.Maps.Map" ThreadingModel="both" />
        <ActivatableClass ActivatableClassId="Bing.Maps.MapAddress" ThreadingModel="both" />
        <ActivatableClass ActivatableClassId="Bing.Maps.MapItemsControl" ThreadingModel="both" />
        <ActivatableClass ActivatableClassId="Bing.Maps.MapShape" ThreadingModel="both" />
        <ActivatableClass ActivatableClassId="Bing.Maps.LocationCollection" ThreadingModel="both" />
        <ActivatableClass ActivatableClassId="Bing.Maps.MapShapeCollection" ThreadingModel="both" />
        <ActivatableClass ActivatableClassId="Bing.Maps.Traffic.TrafficIncidentPushpinOptions" ThreadingModel="both" />
        <ActivatableClass ActivatableClassId="Bing.Maps.Traffic.TrafficIncidentRequestOptions" ThreadingModel="both" />
        <ActivatableClass ActivatableClassId="Bing.Maps.Traffic.TrafficIncidentCollection" ThreadingModel="both" />
        <ActivatableClass ActivatableClassId="Bing.Maps.TargetViewChangedEventArgs" ThreadingModel="both" />
        <ActivatableClass ActivatableClassId="Bing.Maps.ViewChangeStartedEventArgs" ThreadingModel="both" />
        <ActivatableClass ActivatableClassId="Bing.Maps.Pushpin" ThreadingModel="both" />
        <ActivatableClass ActivatableClassId="Bing.Maps.Location" ThreadingModel="both" />
        <ActivatableClass ActivatableClassId="Bing.Maps.MapShapeLayer" ThreadingModel="both" />
        <ActivatableClass ActivatableClassId="Bing.Maps.PanelBase" ThreadingModel="both" />
        <ActivatableClass ActivatableClassId="Bing.Maps.MapMultiPoint" ThreadingModel="both" />
      </InProcessServer>
    </Extension>
    <Extension Category="windows.activatableClass.inProcessServer">
      <InProcessServer>
        <Path>CLRHost.dll</Path>
        <ActivatableClass ActivatableClassId="MyTask.FirstTask" ThreadingModel="both" />
      </InProcessServer>
    </Extension>
  </Extensions>
  <build:Metadata>
    <build:Item Name="SharedGUID" Value="d1f8b3b7-ad22-4431-9552-fa4325dcc530" />
    <build:Item Name="CodeSharingProject" Value="248F659F-DAC5-46E8-AC09-60EC9FC95053" />
    <build:Item Name="TargetFrameworkMoniker" Value=".NETCore,Version=v4.5.1" />
    <build:Item Name="VisualStudio" Version="14.0" />
    <build:Item Name="VisualStudioEdition" Value="Microsoft Visual Studio Community 2015" />
    <build:Item Name="OperatingSystem" Version="10.0.10240.16384 (th1.150709-1700)" />
    <build:Item Name="Microsoft.Build.AppxPackage.dll" Version="14.0.23315.0" />
    <build:Item Name="ProjectGUID" Value="{39B3089E-8810-4FC2-8234-94D6BFD8917B}" />
    <build:Item Name="Microsoft.Windows.UI.Xaml.81.Build.Tasks.dll" Version="14.0.22705.1" />
    <build:Item Name="Bing.Maps.Xaml" Version="1.313.0825.0" />
    <build:Item Name="MakePri.exe" Version="6.3.9600.17336 (winblue.150226-1500)" />
  </build:Metadata>
</Package>