﻿<?xml version="1.0" encoding="utf-8"?>
<Roots xmlns="clr-namespace:Microsoft.Xaml.Tools.XamlCompiler.RootLog;assembly=Microsoft.Windows.UI.Xaml.81.Build.Tasks">
  <Roots.RootTypes>
    <RootType FullName="Windows.UI.Xaml.Application" />
    <RootType FullName="Windows.UI.Xaml.Controls.Page">
      <RootProperty Name="Content" />
    </RootType>
    <RootType FullName="Windows.UI.Xaml.Controls.Grid">
      <RootProperty Name="Background" />
      <RootProperty Name="Children" />
      <RootProperty Name="HorizontalAlignment" />
      <RootProperty Name="Height" />
      <RootProperty Name="Margin" />
      <RootProperty Name="VerticalAlignment" />
      <RootProperty Name="Width" />
    </RootType>
    <RootType FullName="Microsoft.Xaml.Tools.DirectUI.ProxyTypes.ThemeResourceExtension" />
    <RootType FullName="Windows.UI.Xaml.Controls.TextBlock">
      <RootProperty Name="HorizontalAlignment" />
      <RootProperty Name="Margin" />
      <RootProperty Name="TextWrapping" />
      <RootProperty Name="Text" />
      <RootProperty Name="VerticalAlignment" />
      <RootProperty Name="Foreground" />
      <RootProperty Name="FontSize" />
      <RootProperty Name="Height" />
      <RootProperty Name="Width" />
    </RootType>
    <RootType FullName="Windows.UI.Xaml.Controls.TextBox">
      <RootProperty Name="HorizontalAlignment" />
      <RootProperty Name="Margin" />
      <RootProperty Name="TextWrapping" />
      <RootProperty Name="Text" />
      <RootProperty Name="VerticalAlignment" />
      <RootProperty Name="Height" />
      <RootProperty Name="Width" />
      <RootProperty Name="FontSize" />
      <RootProperty Name="TextAlignment" />
    </RootType>
    <RootType FullName="Windows.UI.Xaml.Controls.Button">
      <RootProperty Name="Content" />
      <RootProperty Name="HorizontalAlignment" />
      <RootProperty Name="Margin" />
      <RootProperty Name="VerticalAlignment" />
      <RootProperty Name="Height" />
      <RootProperty Name="Width" />
      <RootEvent Name="Click" />
    </RootType>
    <RootType FullName="SuraskDrauga.MainPage" />
    <RootType FullName="Bing.Maps.Map">
      <RootProperty Name="Credentials" />
      <RootProperty Name="MapType" />
      <RootProperty Name="ZoomLevel" />
      <RootProperty Name="Height" />
      <RootProperty Name="VerticalAlignment" />
      <RootProperty Name="Center" />
    </RootType>
    <RootType FullName="Bing.Maps.Location">
      <RootProperty Name="Latitude" />
      <RootProperty Name="Longitude" />
    </RootType>
    <RootType FullName="SuraskDrauga.MapPage" />
  </Roots.RootTypes>
</Roots>
